Workbook

Sheet Products
A1: SKU | B1: Product | C1: Category | D1: Supplier | E1: Opening Stock | F1: Reorder Level | G1: Unit Cost
A2: SKU-001 | B2: Laptop Pro | C2: Electronics | D2: TechSource | E2: 32 | F2: 10 | G2: 690
A3: SKU-002 | B3: Monitor 27 | C3: Electronics | D3: VisionSupply | E3: 48 | F3: 12 | G3: 255
A4: SKU-003 | B4: Office Chair | C4: Furniture | D4: FurniCo | E4: 55 | F4: 15 | G4: 205
A5: SKU-004 | B5: Standing Desk | C5: Furniture | D5: WorkSpace Ltd | E5: 36 | F5: 10 | G5: 370
A6: SKU-005 | B6: Keyboard | C6: Accessories | D6: InputHub | E6: 70 | F6: 20 | G6: 54
A7: SKU-006 | B7: Mouse | C7: Accessories | D7: InputHub | E7: 82 | F7: 25 | G7: 31
A8: SKU-007 | B8: Webcam | C8: Electronics | D8: TechSource | E8: 28 | F8: 8 | G8: 62
A9: SKU-008 | B9: Headset | C9: Accessories | D9: AudioTrade | E9: 40 | F9: 12 | G9: 48
A10: SKU-009 | B10: Desk Lamp | C10: Furniture | D10: FurniCo | E10: 30 | F10: 10 | G10: 35
A11: SKU-010 | B11: USB Hub | C11: Accessories | D11: InputHub | E11: 46 | F11: 15 | G11: 22

Sheet Stock Movements
A1: Date | B1: SKU | C1: Movement Type | D1: Quantity | E1: Notes
A2: 46027 | B2: SKU-001 | C2: IN | D2: 6 | E2: Supplier delivery
A3: 46032 | B3: SKU-002 | C3: OUT | D3: 3 | E3: Customer order
A4: 46037 | B4: SKU-003 | C4: OUT | D4: 4 | E4: Customer order
A5: 46042 | B5: SKU-004 | C5: OUT | D5: 5 | E5: Customer order
A6: 46047 | B6: SKU-005 | C6: IN | D6: 10 | E6: Supplier delivery
A7: 46052 | B7: SKU-006 | C7: OUT | D7: 3 | E7: Customer order
A8: 46057 | B8: SKU-007 | C8: OUT | D8: 4 | E8: Customer order
A9: 46062 | B9: SKU-008 | C9: OUT | D9: 5 | E9: Customer order
A10: 46067 | B10: SKU-009 | C10: IN | D10: 9 | E10: Supplier delivery
A11: 46072 | B11: SKU-010 | C11: OUT | D11: 3 | E11: Customer order
A12: 46077 | B12: SKU-001 | C12: OUT | D12: 4 | E12: Customer order
A13: 46082 | B13: SKU-002 | C13: OUT | D13: 5 | E13: Customer order
... A51: 46272 | B51: SKU-010 | C51: OUT | D51: 3 | E51: Customer order

Sheet Inventory Dashboard
A1: HMexcelpro | Inventory & Stock Management Dashboard
A4: TOTAL SKUs | C4: TOTAL UNITS | E4: INVENTORY VALUE | H4: LOW STOCK ITEMS | K4: OUT OF STOCK
A5: =COUNTA(A10:A19) -> 10 | C5: =SUM(G10:G19) -> 425 | E5: =SUM(K10:K19) -> 66022 | H5: =COUNTIF(I10:I19,"LOW STOCK") -> 0 | K5: =COUNTIF(I10:I19,"OUT OF STOCK") -> 0
A9: SKU | B9: Product | C9: Category | D9: Opening Stock | E9: Stock IN | F9: Stock OUT | G9: Current Stock | H9: Reorder Level | I9: Status | J9: Unit Cost | K9: Inventory Value
A10: SKU-001 | B10: =VLOOKUP(A10,Products!$A$2:$G$11,2,FALSE) -> Laptop Pro | C10: =VLOOKUP(A10,Products!$A$2:$G$11,3,FALSE) -> Electronics | D10: =VLOOKUP(A10,Products!$A$2:$G$11,5,FALSE) -> 32 | E10: =SUMIFS('Stock Movements'!$D$2:$D$51,'Stock Movements'!$B$2:$B$51,A10,'Stock Movements'!$C$2:$C$51,"IN") -> 18 | F10: =SUMIFS('Stock Movements'!$D$2:$D$51,'Stock Movements'!$B$2:$B$51,A10,'Stock Movements'!$C$2:$C$51,"OUT") -> 8 | G10: =D10+E10-F10 -> 42 | H10: =VLOOKUP(A10,Products!$A$2:$G$11,6,FALSE) -> 10 | I10: =IF(G10=0,"OUT OF STOCK",IF(G10<=H10,"LOW STOCK","IN STOCK")) -> IN STOCK | J10: =VLOOKUP(A10,Products!$A$2:$G$11,7,FALSE) -> 690 | K10: =G10*J10 -> 28980
A11: SKU-002 | B11: =VLOOKUP(A11,Products!$A$2:$G$11,2,FALSE) -> Monitor 27 | C11: =VLOOKUP(A11,Products!$A$2:$G$11,3,FALSE) -> Electronics | D11: =VLOOKUP(A11,Products!$A$2:$G$11,5,FALSE) -> 48 | E11: =SUMIFS('Stock Movements'!$D$2:$D$51,'Stock Movements'!$B$2:$B$51,A11,'Stock Movements'!$C$2:$C$51,"IN") -> 0 | F11: =SUMIFS('Stock Movements'!$D$2:$D$51,'Stock Movements'!$B$2:$B$51,A11,'Stock Movements'!$C$2:$C$51,"OUT") -> 19 | G11: =D11+E11-F11 -> 29 | H11: =VLOOKUP(A11,Products!$A$2:$G$11,6,FALSE) -> 12 | I11: =IF(G11=0,"OUT OF STOCK",IF(G11<=H11,"LOW STOCK","IN STOCK")) -> IN STOCK | J11: =VLOOKUP(A11,Products!$A$2:$G$11,7,FALSE) -> 255 | K11: =G11*J11 -> 7395
A12: SKU-003 | B12: =VLOOKUP(A12,Products!$A$2:$G$11,2,FALSE) -> Office Chair | C12: =VLOOKUP(A12,Products!$A$2:$G$11,3,FALSE) -> Furniture | D12: =VLOOKUP(A12,Products!$A$2:$G$11,5,FALSE) -> 55 | E12: =SUMIFS('Stock Movements'!$D$2:$D$51,'Stock Movements'!$B$2:$B$51,A12,'Stock Movements'!$C$2:$C$51,"IN") -> 16 | F12: =SUMIFS('Stock Movements'!$D$2:$D$51,'Stock Movements'!$B$2:$B$51,A12,'Stock Movements'!$C$2:$C$51,"OUT") -> 12 | G12: =D12+E12-F12 -> 59 | H12: =VLOOKUP(A12,Products!$A$2:$G$11,6,FALSE) -> 15 | I12: =IF(G12=0,"OUT OF STOCK",IF(G12<=H12,"LOW STOCK","IN STOCK")) -> IN STOCK | J12: =VLOOKUP(A12,Products!$A$2:$G$11,7,FALSE) -> 205 | K12: =G12*J12 -> 12095
A13: SKU-004 | B13: =VLOOKUP(A13,Products!$A$2:$G$11,2,FALSE) -> Standing Desk | C13: =VLOOKUP(A13,Products!$A$2:$G$11,3,FALSE) -> Furniture | D13: =VLOOKUP(A13,Products!$A$2:$G$11,5,FALSE) -> 36 | E13: =SUMIFS('Stock Movements'!$D$2:$D$51,'Stock Movements'!$B$2:$B$51,A13,'Stock Movements'!$C$2:$C$51,"IN") -> 0 | F13: =SUMIFS('Stock Movements'!$D$2:$D$51,'Stock Movements'!$B$2:$B$51,A13,'Stock Movements'!$C$2:$C$51,"OUT") -> 21 | G13: =D13+E13-F13 -> 15 | H13: =VLOOKUP(A13,Products!$A$2:$G$11,6,FALSE) -> 10 | I13: =IF(G13=0,"OUT OF STOCK",IF(G13<=H13,"LOW STOCK","IN STOCK")) -> IN STOCK | J13: =VLOOKUP(A13,Products!$A$2:$G$11,7,FALSE) -> 370 | K13: =G13*J13 -> 5550
A14: SKU-005 | B14: =VLOOKUP(A14,Products!$A$2:$G$11,2,FALSE) -> Keyboard | C14: =VLOOKUP(A14,Products!$A$2:$G$11,3,FALSE) -> Accessories | D14: =VLOOKUP(A14,Products!$A$2:$G$11,5,FALSE) -> 70 | E14: =SUMIFS('Stock Movements'!$D$2:$D$51,'Stock Movements'!$B$2:$B$51,A14,'Stock Movements'!$C$2:$C$51,"IN") -> 30 | F14: =SUMIFS('Stock Movements'!$D$2:$D$51,'Stock Movements'!$B$2:$B$51,A14,'Stock Movements'!$C$2:$C$51,"OUT") -> 8 | G14: =D14+E14-F14 -> 92 | H14: =VLOOKUP(A14,Products!$A$2:$G$11,6,FALSE) -> 20 | I14: =IF(G14=0,"OUT OF STOCK",IF(G14<=H14,"LOW STOCK","IN STOCK")) -> IN STOCK | J14: =VLOOKUP(A14,Products!$A$2:$G$11,7,FALSE) -> 54 | K14: =G14*J14 -> 4968
A15: SKU-006 | B15: =VLOOKUP(A15,Products!$A$2:$G$11,2,FALSE) -> Mouse | C15: =VLOOKUP(A15,Products!$A$2:$G$11,3,FALSE) -> Accessories | D15: =VLOOKUP(A15,Products!$A$2:$G$11,5,FALSE) -> 82 | E15: =SUMIFS('Stock Movements'!$D$2:$D$51,'Stock Movements'!$B$2:$B$51,A15,'Stock Movements'!$C$2:$C$51,"IN") -> 0 | F15: =SUMIFS('Stock Movements'!$D$2:$D$51,'Stock Movements'!$B$2:$B$51,A15,'Stock Movements'!$C$2:$C$51,"OUT") -> 19 | G15: =D15+E15-F15 -> 63 | H15: =VLOOKUP(A15,Products!$A$2:$G$11,6,FALSE) -> 25 | I15: =IF(G15=0,"OUT OF STOCK",IF(G15<=H15,"LOW STOCK","IN STOCK")) -> IN STOCK | J15: =VLOOKUP(A15,Products!$A$2:$G$11,7,FALSE) -> 31 | K15: =G15*J15 -> 1953
A16: SKU-007 | B16: =VLOOKUP(A16,Products!$A$2:$G$11,2,FALSE) -> Webcam | C16: =VLOOKUP(A16,Products!$A$2:$G$11,3,FALSE) -> Electronics | D16: =VLOOKUP(A16,Products!$A$2:$G$11,5,FALSE) -> 28 | E16: =SUMIFS('Stock Movements'!$D$2:$D$51,'Stock Movements'!$B$2:$B$51,A16,'Stock Movements'!$C$2:$C$51,"IN") -> 14 | F16: =SUMIFS('Stock Movements'!$D$2:$D$51,'Stock Movements'!$B$2:$B$51,A16,'Stock Movements'!$C$2:$C$51,"OUT") -> 12 | G16: =D16+E16-F16 -> 30 | H16: =VLOOKUP(A16,Products!$A$2:$G$11,6,FALSE) -> 8 | I16: =IF(G16=0,"OUT OF STOCK",IF(G16<=H16,"LOW STOCK","IN STOCK")) -> IN STOCK | J16: =VLOOKUP(A16,Products!$A$2:$G$11,7,FALSE) -> 62 | K16: =G16*J16 -> 1860
A17: SKU-008 | B17: =VLOOKUP(A17,Products!$A$2:$G$11,2,FALSE) -> Headset | C17: =VLOOKUP(A17,Products!$A$2:$G$11,3,FALSE) -> Accessories | D17: =VLOOKUP(A17,Products!$A$2:$G$11,5,FALSE) -> 40 | E17: =SUMIFS('Stock Movements'!$D$2:$D$51,'Stock Movements'!$B$2:$B$51,A17,'Stock Movements'!$C$2:$C$51,"IN") -> 0 | F17: =SUMIFS('Stock Movements'!$D$2:$D$51,'Stock Movements'!$B$2:$B$51,A17,'Stock Movements'!$C$2:$C$51,"OUT") -> 21 | G17: =D17+E17-F17 -> 19 | H17: =VLOOKUP(A17,Products!$A$2:$G$11,6,FALSE) -> 12 | I17: =IF(G17=0,"OUT OF STOCK",IF(G17<=H17,"LOW STOCK","IN STOCK")) -> IN STOCK | J17: =VLOOKUP(A17,Products!$A$2:$G$11,7,FALSE) -> 48 | K17: =G17*J17 -> 912
A18: SKU-009 | B18: =VLOOKUP(A18,Products!$A$2:$G$11,2,FALSE) -> Desk Lamp | C18: =VLOOKUP(A18,Products!$A$2:$G$11,3,FALSE) -> Furniture | D18: =VLOOKUP(A18,Products!$A$2:$G$11,5,FALSE) -> 30 | E18: =SUMIFS('Stock Movements'!$D$2:$D$51,'Stock Movements'!$B$2:$B$51,A18,'Stock Movements'!$C$2:$C$51,"IN") -> 27 | F18: =SUMIFS('Stock Movements'!$D$2:$D$51,'Stock Movements'!$B$2:$B$51,A18,'Stock Movements'!$C$2:$C$51,"OUT") -> 8 | G18: =D18+E18-F18 -> 49 | H18: =VLOOKUP(A18,Products!$A$2:$G$11,6,FALSE) -> 10 | I18: =IF(G18=0,"OUT OF STOCK",IF(G18<=H18,"LOW STOCK","IN STOCK")) -> IN STOCK | J18: =VLOOKUP(A18,Products!$A$2:$G$11,7,FALSE) -> 35 | K18: =G18*J18 -> 1715
A19: SKU-010 | B19: =VLOOKUP(A19,Products!$A$2:$G$11,2,FALSE) -> USB Hub | C19: =VLOOKUP(A19,Products!$A$2:$G$11,3,FALSE) -> Accessories | D19: =VLOOKUP(A19,Products!$A$2:$G$11,5,FALSE) -> 46 | E19: =SUMIFS('Stock Movements'!$D$2:$D$51,'Stock Movements'!$B$2:$B$51,A19,'Stock Movements'!$C$2:$C$51,"IN") -> 0 | F19: =SUMIFS('Stock Movements'!$D$2:$D$51,'Stock Movements'!$B$2:$B$51,A19,'Stock Movements'!$C$2:$C$51,"OUT") -> 19 | G19: =D19+E19-F19 -> 27 | H19: =VLOOKUP(A19,Products!$A$2:$G$11,6,FALSE) -> 15 | I19: =IF(G19=0,"OUT OF STOCK",IF(G19<=H19,"LOW STOCK","IN STOCK")) -> IN STOCK | J19: =VLOOKUP(A19,Products!$A$2:$G$11,7,FALSE) -> 22 | K19: =G19*J19 -> 594
A22: Category | B22: Total Units | C22: Inventory Value
A23: Electronics | B23: =SUMIF(C10:C19,A23,G10:G19) -> 101 | C23: =SUMIF(C10:C19,A23,K10:K19) -> 38235
A24: Furniture | B24: =SUMIF(C11:C20,A24,G11:G20) -> 123 | C24: =SUMIF(C11:C20,A24,K11:K20) -> 19360
A25: Accessories | B25: =SUMIF(C12:C21,A25,G12:G21) -> 201 | C25: =SUMIF(C12:C21,A25,K12:K21) -> 8427

Sheet Data Entry
A1: Stock Movement Entry
A4: Date | B4: SKU | C4: Movement Type | D4: Quantity | E4: Notes

Sheet Instructions
A1: HMexcelpro Inventory System Guide
A4: Purpose | B4: Portfolio-ready Excel system for inventory control, stock movements, reorder monitoring and valuation.
A5: Products | B5: Stores SKU, product, category, supplier, opening stock, reorder level and unit cost.
A6: Stock Movements | B6: Records stock IN and OUT transactions.
A7: Dashboard | B7: Shows KPIs, stock status, low-stock items and inventory value.
A8: Data Entry | B8: Structured area for preparing new stock movement records.
A9: Note | B9: This workbook uses demonstration data for portfolio purposes.
